{
  "graph_statistics": {
    "total_nodes": 244,
    "total_edges": 227,
    "connected_components": 42,
    "largest_component_size": 153,
    "density": 0.007657019496728058
  },
  "top_by_centrality": {
    "degree": [
      [
        "this",
        1.0
      ],
      [
        "they",
        0.6842105263157895
      ],
      [
        "working",
        0.631578947368421
      ],
      [
        "experiments",
        0.631578947368421
      ],
      [
        "instances",
        0.47368421052631576
      ],
      [
        "what",
        0.47368421052631576
      ],
      [
        "actually",
        0.42105263157894735
      ],
      [
        "daemon",
        0.42105263157894735
      ],
      [
        "observatory",
        0.3684210526315789
      ],
      [
        "claudes",
        0.3157894736842105
      ]
    ],
    "betweenness": [
      [
        "they",
        0.16960854334591707
      ],
      [
        "working",
        0.16865625956535046
      ],
      [
        "this",
        0.12359283066353773
      ],
      [
        "actually",
        0.12151821242730333
      ],
      [
        "now",
        0.059789817365574933
      ],
      [
        "what",
        0.05625276332347039
      ],
      [
        "my",
        0.05394007414209434
      ],
      [
        "thought",
        0.05308982076658844
      ],
      [
        "experiments",
        0.05081114172023263
      ],
      [
        "messages",
        0.050573070775090975
      ]
    ],
    "closeness": [
      [
        "ids",
        1.0
      ],
      [
        "date",
        1.0
      ],
      [
        "time",
        1.0
      ],
      [
        "client",
        1.0
      ],
      [
        "phrasing",
        1.0
      ],
      [
        "issues",
        1.0
      ],
      [
        "deadlock",
        1.0
      ],
      [
        "signals",
        1.0
      ],
      [
        "server",
        1.0
      ],
      [
        "processes",
        1.0
      ]
    ]
  },
  "most_frequent_concepts": [
    [
      "this",
      37
    ],
    [
      "working",
      26
    ],
    [
      "experiments",
      22
    ],
    [
      "they",
      15
    ],
    [
      "actually",
      15
    ],
    [
      "observatory",
      13
    ],
    [
      "what",
      13
    ],
    [
      "i",
      11
    ],
    [
      "instances",
      9
    ],
    [
      "you",
      9
    ]
  ],
  "strongest_concept_pairs": [
    [
      [
        "actually",
        "this"
      ],
      7
    ],
    [
      [
        "observatory",
        "working"
      ],
      6
    ],
    [
      [
        "code",
        "i"
      ],
      6
    ],
    [
      [
        "the",
        "this"
      ],
      6
    ],
    [
      [
        "experiments",
        "trying"
      ],
      6
    ],
    [
      [
        "genuinely",
        "this"
      ],
      5
    ],
    [
      [
        "experiments",
        "working"
      ],
      5
    ],
    [
      [
        "being",
        "outputs"
      ],
      5
    ],
    [
      [
        "system",
        "working"
      ],
      4
    ],
    [
      [
        "saying",
        "you"
      ],
      4
    ],
    [
      [
        "respond",
        "think"
      ],
      3
    ],
    [
      [
        "what",
        "wrong"
      ],
      3
    ],
    [
      [
        "what",
        "you"
      ],
      3
    ],
    [
      [
        "responding",
        "thinking"
      ],
      3
    ],
    [
      [
        "generated",
        "responses"
      ],
      3
    ],
    [
      [
        "a",
        "this"
      ],
      3
    ],
    [
      [
        "now",
        "this"
      ],
      2
    ],
    [
      [
        "accidentally",
        "observatory"
      ],
      2
    ],
    [
      [
        "claudes",
        "essentially"
      ],
      2
    ],
    [
      [
        "i",
        "literally"
      ],
      2
    ]
  ],
  "cognitive_hubs": [
    [
      "this",
      0.5935834254072397
    ],
    [
      "working",
      0.43287372708724386
    ],
    [
      "they",
      0.42590731407063154
    ],
    [
      "experiments",
      0.38394518166777664
    ],
    [
      "actually",
      0.30549610828370966
    ],
    [
      "what",
      0.29426242612048037
    ],
    [
      "instances",
      0.2734695222915198
    ],
    [
      "there",
      0.25022357430650893
    ],
    [
      "daemon",
      0.24942878914983468
    ],
    [
      "ids",
      0.24752087160380623
    ],
    [
      "client",
      0.24752087160380623
    ],
    [
      "phrasing",
      0.24752087160380623
    ],
    [
      "launched",
      0.24752087160380623
    ],
    [
      "logging",
      0.24752087160380623
    ],
    [
      "observatory",
      0.23856839910417613
    ]
  ]
}