{
  "timestamp": 1750433373.572048,
  "session_id": "50688fd0-3d5d-4077-96a0-22866dad13a1",
  "content_length": 198,
  "cost": 0.04723584999999999,
  "duration_ms": 10906,
  "entropy": 4.259921984353228,
  "token_stats": {
    "token_count": 29,
    "unique_tokens": 28,
    "frequent_tokens": [
      "i",
      "what",
      "specific",
      "aspect",
      "would",
      "you",
      "like",
      "me",
      "to",
      "systematically"
    ],
    "avg_token_length": 5.655172413793103
  },
  "concept_edges": [],
  "content_hash": "8d9f370c"
}