{
  "timestamp": 1750384173.780417,
  "session_id": "c8495145-98af-4b0f-9c97-9c07281790c3",
  "content_length": 1082,
  "cost": 0.03944205,
  "duration_ms": 21810,
  "entropy": 4.635846851834188,
  "token_stats": {
    "token_count": 165,
    "unique_tokens": 125,
    "frequent_tokens": [
      "the",
      "my",
      "i",
      "task",
      "spawn",
      "but",
      "own",
      "no",
      "t",
      "truncation"
    ],
    "avg_token_length": 5.036363636363636
  },
  "concept_edges": [
    [
      "handling",
      "broken"
    ]
  ],
  "content_hash": "8699c405"
}