{
  "timestamp": 1750433429.998998,
  "session_id": "028a84db-ad49-43a3-800b-09a109970fa4",
  "content_length": 387,
  "cost": 1.2009356500000001,
  "duration_ms": 107916,
  "entropy": 4.272045011082045,
  "token_stats": {
    "token_count": 59,
    "unique_tokens": 41,
    "frequent_tokens": [
      "you",
      "compression",
      "i",
      "have",
      "a",
      "cognitive",
      "system",
      "what",
      "would",
      "like"
    ],
    "avg_token_length": 5.372881355932203
  },
  "concept_edges": [],
  "content_hash": "788140a7"
}