{
  "timestamp": 1750394884.544478,
  "session_id": "d67764f6-64ef-4c0b-9eab-d10d258b2081",
  "content_length": 26,
  "cost": 0.032085499999999996,
  "duration_ms": 6338,
  "entropy": 3.6133373140453067,
  "token_stats": {
    "token_count": 3,
    "unique_tokens": 3,
    "frequent_tokens": [
      "file",
      "created",
      "successfully"
    ],
    "avg_token_length": 7.666666666666667
  },
  "concept_edges": [],
  "content_hash": "bf269a32"
}