{
  "timestamp": 1750435064.8552792,
  "session_id": "85760376-8941-4318-91d8-135ec7344a00",
  "content_length": 46,
  "cost": 0.057128399999999996,
  "duration_ms": 8344,
  "entropy": 3.726425206048351,
  "token_stats": {
    "token_count": 10,
    "unique_tokens": 9,
    "frequent_tokens": [
      "you",
      "what",
      "would",
      "like",
      "me",
      "to",
      "help",
      "with",
      "today"
    ],
    "avg_token_length": 3.6
  },
  "concept_edges": [],
  "content_hash": "a9341967"
}