{
  "timestamp": 1750387579.199548,
  "session_id": "de346c41-7422-4762-b595-a6d6c420763c",
  "content_length": 163,
  "cost": 0.035192650000000006,
  "duration_ms": 7549,
  "entropy": 4.904439926198333,
  "token_stats": {
    "token_count": 26,
    "unique_tokens": 24,
    "frequent_tokens": [
      "step",
      "chat",
      "2",
      "restart",
      "with",
      "the",
      "existing",
      "conversation",
      "that",
      "would"
    ],
    "avg_token_length": 4.923076923076923
  },
  "concept_edges": [],
  "content_hash": "09338bbb"
}