{
  "timestamp": 1750391567.000303,
  "session_id": "5f6bd0a1-c468-42c7-8803-2c5d7309352a",
  "content_length": 207,
  "cost": 0.049543750000000004,
  "duration_ms": 6070,
  "entropy": 4.514379468047129,
  "token_stats": {
    "token_count": 30,
    "unique_tokens": 25,
    "frequent_tokens": [
      "explainable",
      "the",
      "by",
      "what",
      "i",
      "m",
      "listening",
      "you",
      "re",
      "saying"
    ],
    "avg_token_length": 5.266666666666667
  },
  "concept_edges": [
    [
      "debugging",
      "one"
    ]
  ],
  "content_hash": "489b45b8"
}