{
  "timestamp": 1750387596.2066,
  "session_id": "afb679a9-f142-4be4-984c-9a52d70ef91d",
  "content_length": 100,
  "cost": 0.035307250000000005,
  "duration_ms": 6794,
  "entropy": 4.158611035294748,
  "token_stats": {
    "token_count": 18,
    "unique_tokens": 15,
    "frequent_tokens": [
      "step",
      "test",
      "socket",
      "got",
      "it",
      "3",
      "alternative",
      "to",
      "2",
      "directly"
    ],
    "avg_token_length": 4.277777777777778
  },
  "concept_edges": [],
  "content_hash": "0d169115"
}